{"charErrorRates": [0.7521097046413502, 0.7521097046413502, 0.7521097046413502, 0.8512658227848101, 0.7774261603375527, 0.7030590717299579, 0.6102320675105485, 0.6002109704641351, 0.5991561181434599, 0.5617088607594937, 0.5722573839662447, 0.5179324894514767, 0.45147679324894513, 0.4451476793248945, 0.38924050632911394, 0.40189873417721517, 0.3792194092827004, 0.354957805907173, 0.34651898734177217, 0.3407172995780591, 0.3217299578059072, 0.34124472573839665, 0.2979957805907173, 0.2679324894514768, 0.2610759493670886, 0.23681434599156118, 0.2209915611814346, 0.2310126582278481, 0.19672995780590719, 0.19567510548523206, 0.20358649789029537, 0.16930379746835442, 0.16455696202531644, 0.16191983122362869, 0.15822784810126583, 0.15031645569620253, 0.13343881856540085, 0.13132911392405064, 0.12447257383966245, 0.13765822784810128, 0.13185654008438819, 0.12078059071729957, 0.13871308016877637, 0.10864978902953587, 0.10443037974683544, 0.10443037974683544, 0.11445147679324895, 0.09335443037974683, 0.10126582278481013, 0.10970464135021098, 0.09335443037974683, 0.0949367088607595, 0.09071729957805907, 0.08966244725738397, 0.09177215189873418, 0.08386075949367089, 0.07489451476793249, 0.06751054852320675, 0.08069620253164557, 0.08544303797468354, 0.07805907172995781, 0.07647679324894514, 0.07172995780590717, 0.07331223628691984, 0.06645569620253164, 0.07014767932489452, 0.07436708860759493, 0.06751054852320675, 0.06381856540084388, 0.06434599156118144, 0.0669831223628692, 0.0680379746835443, 0.05590717299578059, 0.05907172995780591, 0.07014767932489452, 0.05907172995780591, 0.06487341772151899, 0.056962025316455694, 0.061708860759493674, 0.0580168776371308, 0.05959915611814346, 0.05485232067510549, 0.06223628691983123, 0.0580168776371308, 0.05959915611814346, 0.056962025316455694, 0.054324894514767935, 0.0580168776371308, 0.052742616033755275, 0.049578059071729956, 0.058544303797468354, 0.056962025316455694, 0.060126582278481014, 0.0680379746835443, 0.052742616033755275, 0.049578059071729956, 0.056962025316455694, 0.05168776371308017, 0.05168776371308017, 0.056962025316455694], "wordAccuracies": [0.0, 0.0, 0.0, 0.0, 0.0, 0.0, 0.0, 0.0, 0.0, 0.0, 0.0, 0.0, 0.0, 0.0, 0.03180212014134275, 0.02120141342756184, 0.0353356890459364, 0.05653710247349823, 0.053003533568904596, 0.045936395759717315, 0.0812720848056537, 0.10247349823321555, 0.127208480565371, 0.13427561837455831, 0.1519434628975265, 0.18021201413427562, 0.2862190812720848, 0.20141342756183744, 0.28975265017667845, 0.2756183745583039, 0.2826855123674912, 0.40636042402826855, 0.4169611307420495, 0.42402826855123676, 0.4558303886925795, 0.4416961130742049, 0.4734982332155477, 0.49823321554770317, 0.5159010600706714, 0.44876325088339225, 0.4628975265017668, 0.5053003533568905, 0.49469964664310956, 0.5618374558303887, 0.6148409893992933, 0.5724381625441696, 0.519434628975265, 0.6289752650176679, 0.558303886925795, 0.5441696113074205, 0.6007067137809188, 0.6219081272084805, 0.6042402826855123, 0.6537102473498233, 0.6289752650176679, 0.6678445229681979, 0.6996466431095406, 0.7067137809187279, 0.6537102473498233, 0.6289752650176679, 0.6819787985865724, 0.6643109540636042, 0.7067137809187279, 0.7137809187279152, 0.7067137809187279, 0.6890459363957597, 0.6925795053003534, 0.7173144876325088, 0.7314487632508834, 0.7031802120141343, 0.7137809187279152, 0.7067137809187279, 0.7491166077738516, 0.7455830388692579, 0.7067137809187279, 0.7314487632508834, 0.734982332155477, 0.7561837455830389, 0.7491166077738516, 0.7526501766784452, 0.734982332155477, 0.7773851590106007, 0.7561837455830389, 0.7455830388692579, 0.7632508833922261, 0.7703180212014135, 0.7597173144876325, 0.7773851590106007, 0.7809187279151943, 0.7915194346289752, 0.7385159010600707, 0.7667844522968198, 0.7420494699646644, 0.7208480565371025, 0.773851590106007, 0.7809187279151943, 0.7561837455830389, 0.7773851590106007, 0.7809187279151943, 0.734982332155477]}